epoch,spk_reliance,step,text_reliance,train_loss,val_loss
0,0.2799994945526123,2253,0.030637025833129883,,8.613983154296875
0,,2253,,8.773446083068848,
