epoch,spk_reliance,step,text_reliance,train_loss,val_loss
0,-0.0005203485488891602,884,0.04869675636291504,,7.583494186401367
0,,884,,8.1572847366333,
